{
  "CalibratedIPS": {
    "success": true,
    "estimates": {
      "clone": 0.7565373077493269,
      "parallel_universe_prompt": 0.7521566754183807,
      "premium": 0.6848739978771077,
      "unhelpful": 0.7261895476079867
    },
    "standard_errors": {
      "clone": 0.004109422330345414,
      "parallel_universe_prompt": 0.0041531326355666795,
      "premium": 0.007628741135474046,
      "unhelpful": 0.00476481188218047
    },
    "elapsed_time": 0.13496708869934082,
    "diagnostics": {
      "ess": 0.7743962697357712,
      "status": "Status.CRITICAL"
    },
    "stacking_info": {}
  },
  "DR-CPO": {
    "success": true,
    "estimates": {
      "clone": 0.7655682161054067,
      "parallel_universe_prompt": 0.7704514671898817,
      "premium": 0.7690846002224692,
      "unhelpful": 0.40611658603213535
    },
    "standard_errors": {
      "clone": 0.004298716956779228,
      "parallel_universe_prompt": 0.004275319312275462,
      "premium": 0.006231880065351405,
      "unhelpful": 0.005036532624197127
    },
    "elapsed_time": 12.493717908859253,
    "diagnostics": {
      "ess": 0.0,
      "status": "Status.WARNING"
    },
    "stacking_info": {}
  },
  "TMLE": {
    "success": true,
    "estimates": {
      "clone": 0.7656745284724127,
      "parallel_universe_prompt": 0.7705836779367328,
      "premium": 0.769488911588682,
      "unhelpful": 0.40591455987711317
    },
    "standard_errors": {
      "clone": 0.0042933657153870425,
      "parallel_universe_prompt": 0.00426596252852433,
      "premium": 0.006229479706369326,
      "unhelpful": 0.005023365917636514
    },
    "elapsed_time": 13.8436758518219,
    "diagnostics": {
      "ess": 0.0,
      "status": "Status.WARNING"
    },
    "stacking_info": {}
  },
  "MRDR": {
    "success": true,
    "estimates": {
      "clone": 0.7656848360312685,
      "parallel_universe_prompt": 0.7705950868937287,
      "premium": 0.7694946330853336,
      "unhelpful": 0.4059183984504054
    },
    "standard_errors": {
      "clone": 0.004293356067596917,
      "parallel_universe_prompt": 0.004265953450752511,
      "premium": 0.006229504655658905,
      "unhelpful": 0.005023363913856888
    },
    "elapsed_time": 8.922463178634644,
    "diagnostics": {
      "ess": 0.0,
      "status": "Status.WARNING"
    },
    "stacking_info": {}
  },
  "StackedDR": {
    "success": true,
    "estimates": {
      "clone": -2.4663466861094387e-14,
      "parallel_universe_prompt": 4.9890884946146726e-14,
      "premium": -2.0136594579956997e-13,
      "unhelpful": -5.33107030714412e-12
    },
    "standard_errors": {
      "clone": 0.004314281530688571,
      "parallel_universe_prompt": 0.00429602107438013,
      "premium": 0.0042576031549113064,
      "unhelpful": 0.004367255756388295
    },
    "elapsed_time": 35.59849810600281,
    "diagnostics": {},
    "stacking_info": {
      "weights": {
        "clone": {
          "dr-cpo": 0.3333463639487289,
          "tmle": 0.33330727210256106,
          "mrdr": 0.3333463639487101
        },
        "parallel_universe_prompt": {
          "dr-cpo": 0.3333515210703237,
          "tmle": 0.3332969578593545,
          "mrdr": 0.3333515210703219
        },
        "premium": {
          "dr-cpo": 0.333386196394193,
          "tmle": 0.3332276072116126,
          "mrdr": 0.3333861963941945
        },
        "unhelpful": {
          "dr-cpo": 0.333334376215888,
          "tmle": 0.33333124756838234,
          "mrdr": 0.33333437621572964
        }
      },
      "valid_estimators": [
        "dr-cpo",
        "tmle",
        "mrdr"
      ],
      "failed_estimators": []
    }
  }
}