{
  "pi_bad": {
    "ips": 7036801.974631703,
    "snips": 0.8878394997387508,
    "ips_std": 545476.3827309669,
    "ess": 165.20503294898165,
    "ess_percentage": 1.6520503294898163,
    "weight_mean": 7925759.077741305,
    "weight_std": 61152171.73074429,
    "weight_range": [
      2.061153622438558e-09,
      485165195.4097903
    ]
  },
  "pi_bigger_model": {
    "ips": 1847514.935979441,
    "snips": 0.8832522898307449,
    "ips_std": 282818.33736984653,
    "ess": 43.21589976499741,
    "ess_percentage": 0.4321589976499741,
    "weight_mean": 2091718.252248715,
    "weight_std": 31749796.888913736,
    "weight_range": [
      2.061153622438558e-09,
      485165195.4097903
    ]
  },
  "pi_cot": {
    "ips": 7573436.28157384,
    "snips": 0.8840410439121129,
    "ips_std": 562402.1728558842,
    "ess": 179.91509425415472,
    "ess_percentage": 1.7991509425415473,
    "weight_mean": 8566837.856373051,
    "weight_std": 63291351.302153215,
    "weight_range": [
      2.061153622438558e-09,
      485165195.4097903
    ]
  }
}