{
  "pi_bad": {
    "ips": 1996537.4091196996,
    "snips": 0.9098849283212217,
    "ips_std": 686209.0925941226,
    "ess": 8.471657675123422,
    "ess_percentage": 0.4644549163993104,
    "weight_mean": 2194274.6241586837,
    "weight_std": 32122423.09782146,
    "weight_range": [
      2.061153622438558e-09,
      485165195.4097903
    ]
  },
  "pi_bigger_model": {
    "ips": 27935086.364112683,
    "snips": 0.8893866749914897,
    "ips_std": 2523306.312878932,
    "ess": 118.16616804767294,
    "ess_percentage": 6.47840833594698,
    "weight_mean": 31409382.611202247,
    "weight_std": 119338667.83998384,
    "weight_range": [
      2.061153622438558e-09,
      485165195.4097903
    ]
  },
  "pi_cot": {
    "ips": 2510237.1617649947,
    "snips": 0.8383775359695361,
    "ips_std": 729943.9358276757,
    "ess": 12.39185715120573,
    "ess_percentage": 0.6793781332897878,
    "weight_mean": 2994160.8094998007,
    "weight_std": 36202541.03207421,
    "weight_range": [
      2.061153622438558e-09,
      485165195.4097903
    ]
  }
}