{
  "timestamp": "2025-06-26 10:34:24",
  "results": {
    "deterministic": {
      "pi_0": {
        "mean": 0.8580165337999999,
        "std": 0.0015769427529830579,
        "n": 10000
      },
      "pi_bad": {
        "mean": 0.0,
        "std": 0.0,
        "n": 0
      },
      "pi_bigger_model": {
        "mean": 0.0,
        "std": 0.0,
        "n": 0
      },
      "pi_cot": {
        "mean": 0.8659351935674078,
        "std": 0.009039544183380044,
        "n": 20
      }
    },
    "uncertainty": {
      "pi_0": {
        "mean": 0.8870369000000002,
        "std": 0.000888921826618629,
        "n": 10000
      },
      "pi_bad": {
        "mean": 0.4272727272727272,
        "std": 0.09099169800556195,
        "n": 11
      },
      "pi_bigger_model": {
        "mean": 0.8954545454545456,
        "std": 0.010071121989218128,
        "n": 11
      },
      "pi_cot": {
        "mean": 0.8950000000000001,
        "std": 0.004743416490252573,
        "n": 10
      }
    }
  }
}